gold_id,app,score,error_type,gold_label,predicted,model_3class,flagged_by,text_clean,notes
G0016,gopay,3,negative->non_negative,negative,non_negative,positive,-,"aplikasi ini memang berguna tapi tiap kali top up kepotong seribu,, terus untuk pinjaman gk tau kenapa saya gk bisa pinjam padahal aplikasi ini sering bgt saya gunakan",
G0041,dana,5,negative->non_negative,negative,non_negative,positive,-,tolong min tf gak bisa hari ini,
G0042,dana,5,negative->non_negative,negative,non_negative,positive,-,fitur dana cicil saya kenapa belum muncul ka padahal sudah memenuhi persyaratan semua,
G0043,shopeepay,3,negative->non_negative,negative,non_negative,positive,-,kok aplikasi shopee pay saya tidak bisa digunakan ya?,
G0046,gopay,3,negative->non_negative,negative,non_negative,positive,-,bagus tp knapa slalu ada masalah teknis trus,
G0058,gopay,3,negative->non_negative,negative,non_negative,positive,-,"operasional terkadang suka gangguan saat dibutuhkan , saran saya tolong di stabilkan untuk servernya",
G0061,gopay,3,negative->non_negative,negative,non_negative,positive,-,g ada yg bisa dicairkan,
G0114,dana,5,negative->non_negative,negative,non_negative,positive,-,sulit membuka,
G0119,shopeepay,5,negative->non_negative,negative,non_negative,positive,-,topup spaynya tolong dipermudah dong!!,
G0143,gopay,3,negative->non_negative,negative,non_negative,positive,-,skrg knapa GO-PAY sering gangguan ya kaya hari ini ga bisa buka aplikasi,
G0149,ovo,3,negative->non_negative,negative,non_negative,positive,-,knp.setelah logout masuk lagi sulit,
G0161,ovo,5,negative->non_negative,negative,non_negative,positive,-,mengapa ndk bisa byar pkai CRIS,
G0212,ovo,3,negative->non_negative,negative,non_negative,positive,-,tolong perbaiki kenapa tidak bisa mengunakan Qris,
G0288,shopeepay,5,negative->non_negative,negative,non_negative,positive,-,sangat berguna dan mbantu buanget beneran deh,
G0302,shopeepay,3,negative->non_negative,negative,non_negative,positive,-,sekarang sekarang ini aplikasi nya susah tuk di klik menu nya 😌,
G0342,gopay,3,negative->non_negative,negative,non_negative,positive,-,kenapa aplikasi gopay dari smlm gk bsa di pake..pdhl jaringan stabil,
G0407,ovo,5,negative->non_negative,negative,non_negative,positive,-,tolong responnya.. saldo menghilang,
G0456,ovo,3,negative->non_negative,negative,non_negative,positive,-,buka blokir akun,
G0471,gopay,3,negative->non_negative,negative,non_negative,positive,-,kuran puas karnah selalu ada masalah teknis,
G0474,ovo,3,negative->non_negative,negative,non_negative,positive,-,ewallet kurang lengkap fiturnya,
G0490,gopay,3,negative->non_negative,negative,non_negative,positive,-,Untuk tf dan top up sangat membantu di saat saat urgens. Fitur game jg lumayan banyak lah ; tetapi ada beberapa fitur game hilang tiba tiba padahal kita sudah banyak reward serta poin di game tersebut.,
G0517,shopeepay,5,negative->non_negative,negative,non_negative,positive,-,"pdahal data yg saya ajukan benar data,,dan nomor kontak itu anak dan istri saya yg mungunakan shopee",
G0572,ovo,5,negative->non_negative,negative,non_negative,positive,-,Sangat nyaman tanpa gangguan,
G0593,gopay,5,negative->non_negative,negative,non_negative,positive,-,"aman""aja Alhamdulillah pake gopay",
R0040,dana,5,negative->non_negative,negative,non_negative,positive,-,dana cicil nya lama,
G0035,ovo,5,neutral->negative,neutral,negative,negative,model,saya mau ganti nomor hp kenapa enggak bisa terus ya,
G0089,dana,2,neutral->negative,neutral,negative,positive,star rule,mudah mudahan dana cicil bisa dipakai,
G0132,ovo,3,neutral->negative,neutral,negative,negative,model,Kendala proses pembayaran tolong di tingkatkan lagi dan bantuan cs respon harus cepat dalam 1x24 jam trmksih.,
G0188,dana,3,neutral->negative,neutral,negative,negative,model,"min, balikin kolom isi nama pengirim dana kaget,",
G0300,shopeepay,3,neutral->negative,neutral,negative,negative,model,"Dulunya saat msh jd satu sama aplikasi shopee penarikan dananya cepat. Sekarang di Shopeepay, proses penarikan dana ke bank perlu waktu 1x24 jam. Kedepannya hal ini perlu menjadi pertimbangan untuk dipercepat seperti dulu demi kepuasan pelanggan dlm bertransaksi melalui dompet digital shopeepay",
G0501,ovo,2,neutral->negative,neutral,negative,negative,star+model,kenapa pas mau masukin nama nggak bisa keluar huruf nya jadi nggak bisa buat skun,
G0539,ovo,1,neutral->negative,neutral,negative,positive,star rule,ovo paylater tidak tersedia,
G0545,gopay,2,neutral->negative,neutral,negative,negative,star+model,lebih bagus dari dana tapi saya nya ngga ada saldo gratis tapi harus kumpulin coin biar bisa jadi data,feature-request
G0591,ovo,3,neutral->negative,neutral,negative,negative,model,"please lah bisa tf ke dana atau gopay kek,terus jangan mahal banget bayar adminnya lagi tolong diperbaiki lagi yh kak 🙏",feature-request
R0036,ovo,5,neutral->negative,neutral,negative,negative,model,Admin tolong bantuin Akun ovo ku ilang di hp sebelum nya dan aku mau pindahkan ke hp ini tapi tak bisa dan malah terblokir,
G0006,shopeepay,3,positive->negative,positive,negative,negative,model,"mau login aja susah banget, verifikasi muka gagal terus, sistem bermasalah terus..aneh",
G0091,shopeepay,2,positive->negative,positive,negative,positive,star rule,menyenangkan sekali,
G0249,shopeepay,2,positive->negative,positive,negative,positive,star rule,top untuk shopee gak ada dua nya is the best,
G0350,ovo,3,positive->negative,positive,negative,negative,model,tolong di proses pergantian nomor hp saya soalnya mau login kembali padahal udah verivikasi akun google,
G0581,gopay,5,positive->negative,positive,negative,negative,model,saya ragu ragu mencoba tapi hasilnya malah bisa main game dapet uang pokoknya dev nya sangat lahh pandai,
