spike,app,week,topic_name,at,score,reviewId,text_clean
dana 2026-07-20,dana,2026-07-20,Reward points cannot be redeemed,2026-07-20 05:34:29+00:00,1,4c9739ba-d78e-4dee-b066-e954ed133e9f,untuk apa bikin dana poin kalo setiap mau tukarin poin langsung gak bisa masuk ketempat penukarannya
dana 2026-07-20,dana,2026-07-20,Reward points cannot be redeemed,2026-07-20 12:11:11+00:00,1,fbf31898-89e6-421f-a521-7f7fc57f331d,gajelas bikin event aneh jaringan stabil di bilang koneksi jaringan gagal giliran kebuka udah abis kalo ga niat bikin event gausa bikin
dana 2026-07-20,dana,2026-07-20,Reward points cannot be redeemed,2026-07-20 12:47:03+00:00,1,5690a453-7a1c-4409-b4a7-01a2428ff614,"apa'an ini,,wifi bagus jaringan bagus,,giliran mau claim event ganguan trus ,,gak niat bikin even kali ya dana,,merasa kecewa berat"
dana 2026-07-20,dana,2026-07-20,Reward points cannot be redeemed,2026-07-20 03:10:53+00:00,5,acb1d14b-97c8-442d-b46d-5eb13f045f55,kecewa saya kok saya menukarkan dana point selalu gagal
dana 2026-07-20,dana,2026-07-20,Reward points cannot be redeemed,2026-07-20 06:16:38+00:00,3,7dbd197e-ee93-4534-860d-7a5c52353108,ADA EVENT GA BISA DI GUNAIN WKWK
dana 2026-07-20,dana,2026-07-20,Reward points cannot be redeemed,2026-07-25 21:56:21+00:00,1,8c979975-cfca-426b-945d-14202e991b66,di apk ini kalau ada undian jgn di ikuti tidak bakal di kasih ..
dana 2026-07-20,dana,2026-07-20,Reward points cannot be redeemed,2026-07-20 03:17:24+00:00,1,43b7193b-265c-4661-9672-a4fd56799524,apk scam susah amat claim dana point nya
dana 2026-07-20,dana,2026-07-20,Reward points cannot be redeemed,2026-07-20 03:26:22+00:00,1,bed5027b-d685-4fcc-93e9-fd4574b7bb4c,sangat buruk tidak bisa mengambil dana poin
dana 2026-07-20,dana,2026-07-20,Reward points cannot be redeemed,2026-07-20 05:08:10+00:00,1,666dd663-4976-4bea-a258-e5bdaeb6f0c8,dana poin gak bisa di tukar
dana 2026-07-20,dana,2026-07-20,Reward points cannot be redeemed,2026-07-20 11:02:14+00:00,1,b95a936d-106a-474a-ba8d-7859f32437c6,"buat event festival bola tapi mana kejujurannya, poin sudah cukup tapi tidak bisa klaim hadiah, apa bisa dibilang penipuan"
dana 2026-07-20,dana,2026-07-20,Cannot pay or transfer,2026-07-20 12:00:00+00:00,1,99e20483-4a6a-4a8e-bfb6-24adeb43a413,lambat banget transaksinya
dana 2026-07-20,dana,2026-07-20,Cannot pay or transfer,2026-07-20 06:03:53+00:00,2,dd214488-cae2-4fcb-b1b7-49b1c62b91da,stlh di perbarui knpa erros smua pembayaran nya..
dana 2026-07-20,dana,2026-07-20,Cannot pay or transfer,2026-07-20 18:42:38+00:00,1,3982ae69-1e31-4a1c-bca3-d839c4c72075,gagal Mulu transaksi nya
dana 2026-07-20,dana,2026-07-20,Cannot pay or transfer,2026-07-20 07:17:33+00:00,2,77a93ba6-b0d2-456e-8ef2-e0d12ec003f6,sumpah gak bisa transaksi terus hari ini.. tolong donk admin di perbaiki
dana 2026-07-20,dana,2026-07-20,Cannot pay or transfer,2026-07-20 06:24:59+00:00,2,6ca5629f-c512-4f10-bb82-c46eda108d8e,sering lemot ketika pembayaran
dana 2026-07-20,dana,2026-07-20,Cannot pay or transfer,2026-07-20 04:23:36+00:00,2,5d824fa2-402e-40e2-909b-57ea743c17bd,"gaje bgtt, makan di warung transaksi pake qris gagal mlu, setelah bayar cash di warung baru berhasil jadi bayar 2x"
dana 2026-07-20,dana,2026-07-20,Cannot pay or transfer,2026-07-22 14:37:52+00:00,1,bbf8060b-e833-4945-97eb-3859bd3a6ea2,"jelek kadang ga bisa ngirim uang ke teman, alasannya banyak yg lagi transaksi terus di suruh tunggu beberapa menit, padahal udah seharian nunggu tetap aja sama, terus saldo pribadi suka kepotong sendiri tolong dong untuk pihak dana di perhatikan lagi"
dana 2026-07-20,dana,2026-07-20,Cannot pay or transfer,2026-07-20 05:48:09+00:00,1,01033be7-4ad5-4c66-b2ac-26bc8a3b85d9,kenapa hari ini gak bisa transaksi qris gak bisa transfer jugak gak bisa
dana 2026-07-20,dana,2026-07-20,Cannot pay or transfer,2026-07-25 14:35:44+00:00,1,c779cdd5-d7f0-4488-a97b-2322884b7a24,susah banget transaksinya alesannya banyak yang transaksi kalo bikin aplikasi yang bener dong jangan setengah setengah lol
dana 2026-07-20,dana,2026-07-20,Cannot pay or transfer,2026-07-22 10:04:30+00:00,1,b04d9333-562b-4813-8419-1f5f0addd091,"baru ada perlu malah gk bisa TF sama sekali,error terus.. ayolah beneri dong masak waktu butuh malah error mana gk kelar"" lagi erronya dari tadi"
dana 2026-09-21,dana,2026-09-21,Network error or lag despite good signal,2026-09-25 15:54:30+00:00,1,1e7c5c38-00db-443b-8b74-9d06beeef1f7,"apakah sedang ada maintanance aplikasi dana hari ini, saya tidak bisa buka aplikasi dana, keterangan koneksi tidak stabil, padahal saya menggunakan wifi dan SIMcard sama saja, saya Speedtest juga normal jaringan"
dana 2026-09-21,dana,2026-09-21,Network error or lag despite good signal,2026-09-25 15:11:26+00:00,1,d5554363-b58e-4e29-8039-f70bd4d510c5,"Dana ini kenapa sih selalu aja eror2 padahal jaringan wifi sama Paket data lancar2 aja, TPI kalau buka Dana pasti eror trus"
dana 2026-09-21,dana,2026-09-21,Network error or lag despite good signal,2026-09-25 15:18:33+00:00,4,11ffe458-3f05-4663-ba0b-f006ba89b7b4,sering eror gak bisa di buat transaksi sinyal bagus tapi notif jaringan tidak stabil
dana 2026-09-21,dana,2026-09-21,Network error or lag despite good signal,2026-09-25 14:57:07+00:00,1,a7525a6a-4351-489e-95d6-fe25980701a0,ga bisa masuk gmna pdhl jaringan sangat bagus
dana 2026-09-21,dana,2026-09-21,Network error or lag despite good signal,2026-09-25 14:35:37+00:00,1,f217617c-b1f6-48c1-a014-6cab52190e31,hari ini kenapa dengan dana kok jaringan eror terus saya pakai wifi masih eror
dana 2026-09-21,dana,2026-09-21,Network error or lag despite good signal,2026-09-25 15:14:28+00:00,1,f1cde60a-5eb0-4a5e-9a4d-95087db150a9,"kok aplikasinya tiba2 eror, mau beli pulsa listrik jadi gak bisa,buka menu lain juga gak bisa terus loadingnya lamaa padahal Kouta ada di coba pakai wifi masih tetap gak bisa,pakai vpn juga bisa"
dana 2026-09-21,dana,2026-09-21,Network error or lag despite good signal,2026-09-25 15:14:35+00:00,2,9b3fecd9-e234-4d9c-98f3-acd14a57288c,aplikasi dana kebiasaan jaringan Bermasalah. sampe muak hapus data unistal lalu pasang LG.. pdh lmain gem jaringan stabill truss. kntl
dana 2026-09-21,dana,2026-09-21,Network error or lag despite good signal,2026-09-25 14:59:27+00:00,1,1ca85bd7-0918-4adb-ac63-27e763dcf4ef,"jaringan bermasalah,cobalah beberapa saat lagi. sampe berjam jam.nunggu masalah gk.kelar kelar"
dana 2026-09-21,dana,2026-09-21,Network error or lag despite good signal,2026-09-25 14:28:54+00:00,1,ae2d72ff-5880-465c-b604-23c08f6d0a3c,"ga jelas, jaringan lancar, transaksi susah padahal ada keperluan penting beberapa ikon tidak dapat dipencet"
dana 2026-09-21,dana,2026-09-21,Network error or lag despite good signal,2026-09-25 13:42:57+00:00,5,35166c37-72f0-41a1-a919-3801410e98b3,"heyy tolong nii, kenapa danaa, sinyal gw bagus tapi gk bisa transaksi alasan nya ""jaringan sedang sibuk"" lagi urgent loh padahal"
dana 2026-09-21,dana,2026-09-21,Cannot pay or transfer,2026-09-25 13:18:29+00:00,1,de7d4f3c-9bcd-4803-aa49-a70e39923c99,jelek dikit dikit banyak yang transaksi terus jadi gabisa dipake ngebug ngebug mulu dikira yang transaksi orng lain doang kali ya gua juga mau transaksi gabisa bisa aneh ga rekomen disini guys
dana 2026-09-21,dana,2026-09-21,Cannot pay or transfer,2026-09-25 14:41:14+00:00,1,caa71a15-f05d-4a31-85a0-875743b819ea,"pemberitahuan sistem pemeliharaan nya ga transparan, aktifitas transaksi jadi keganggu"
dana 2026-09-21,dana,2026-09-21,Cannot pay or transfer,2026-09-25 17:24:18+00:00,1,a2400cb9-226b-4a00-b054-e3830e11aca3,dana ini mau jadi ewallet sebelah kali ya ratingnya jadi 3 doang. tiap hari eror Mulu bisanya. jgn kebanyakan di update ganggu banget tau gak orang mau bayar jadi sulit.
dana 2026-09-21,dana,2026-09-21,Cannot pay or transfer,2026-09-25 14:36:44+00:00,1,517d59e2-e35a-49fd-bf67-6d525f21071e,"kenapa gak bisa buat transfer, susah banget. padahal sangat mendesak"
dana 2026-09-21,dana,2026-09-21,Cannot pay or transfer,2026-09-25 15:45:40+00:00,5,08590634-2628-4fe9-90d9-505e65c9a4af,habis update gangguan transaksi nya terusan
dana 2026-09-21,dana,2026-09-21,Cannot pay or transfer,2026-09-25 15:06:47+00:00,1,dfd1fafe-9c98-4a10-9bfc-e037d7579bc9,knp ini dana habis update kenapa jadi susah bayar orderan
dana 2026-09-21,dana,2026-09-21,Cannot pay or transfer,2026-09-25 15:26:02+00:00,1,33cd87cf-55c3-4143-8004-ecbeecfb0584,sering eror tidak bisa transaksi
dana 2026-09-21,dana,2026-09-21,Cannot pay or transfer,2026-09-25 16:26:47+00:00,2,4a7758c1-0548-498e-ab13-7b331b16be0c,apa apaan GX bisa pake bayar
dana 2026-09-21,dana,2026-09-21,Cannot pay or transfer,2026-09-25 13:48:31+00:00,4,0d08a20e-9545-491a-86b9-70d74ac21508,gangguan gabisa TF knpa
dana 2026-09-21,dana,2026-09-21,Cannot pay or transfer,2026-09-25 15:07:44+00:00,1,31067ef7-f45d-44be-a6cb-de766dbc329e,gangguannya bikin kesel ga bisa TF
dana 2026-09-28 (partial),dana,2026-09-28,Cannot pay or transfer,2026-10-01 12:29:02+00:00,1,452c44b2-8d95-4057-8ae2-f223c0bbaa87,"eh lo kalo ga ada high quality control nya gausah bikin payment sering gangguan, pembayaran Costumer bikin tertunda"
dana 2026-09-28 (partial),dana,2026-09-28,Cannot pay or transfer,2026-10-01 14:04:08+00:00,2,38597262-f8ee-45dd-9eb7-d399c619ab19,apa coba error terus udah di hapus download lagi tetep aja gabisa tf hadehh
dana 2026-09-28 (partial),dana,2026-09-28,Cannot pay or transfer,2026-10-01 13:10:19+00:00,1,da1ba02e-4976-4995-8230-bd1907b6378b,masih kurang bagus karna sering ada kendala dengan alasan lgi byk transaksi
dana 2026-09-28 (partial),dana,2026-09-28,Cannot pay or transfer,2026-10-01 13:15:35+00:00,2,a1e82da5-7e47-458a-ab22-49481284b996,akhir akhir ini sering banget ada kendala. gak bisa transfer di saat saat penting. sebel banget dah
dana 2026-09-28 (partial),dana,2026-09-28,Cannot pay or transfer,2026-10-01 17:22:49+00:00,5,c5fbda62-f87d-4f50-888d-9c17414635e2,makin hari makin gk jelas mau transaksi aja susah minta ampun
dana 2026-09-28 (partial),dana,2026-09-28,Cannot pay or transfer,2026-10-01 14:35:33+00:00,1,30970993-284a-4ff1-b005-6133074e3218,"aneh bgt ga bisa transaksi sama sekali error terus uang ngendap ga bisa di apa""in nyesel make apk ini"
dana 2026-09-28 (partial),dana,2026-09-28,Cannot pay or transfer,2026-10-01 13:32:34+00:00,1,c8cbb5bb-219d-4c38-94aa-610c6aed63cb,benerin Napa lelet banget gak bisa bertransaksi update GK jelas tolol
dana 2026-09-28 (partial),dana,2026-09-28,Cannot pay or transfer,2026-10-01 13:35:26+00:00,1,0247e6c1-ed9d-4007-b9ee-f99f234eae8e,sangat kecewa apk gangguan terus . padahal saya cuma mau transfer untuk bayar rumah sakit .. eh malah tiba tiba gangguan dan ngk bisa transaksi
dana 2026-09-28 (partial),dana,2026-09-28,Cannot pay or transfer,2026-10-01 13:46:10+00:00,1,5c15637a-77e9-4199-9751-97787419180f,ada masalah sehabis apdete uang tidak bisa di kirim pakek Qtis
dana 2026-09-28 (partial),dana,2026-09-28,Cannot pay or transfer,2026-10-01 17:50:19+00:00,5,967b2c88-f36e-46a3-a58c-65378c3326b8,terlalu banyak gangguan transaksi 😮‍💨
dana 2026-09-28 (partial),dana,2026-09-28,Server down or overloaded,2026-10-01 15:05:44+00:00,3,a8a8c97b-1b4a-4a2a-8f05-f41c7bf0763d,"tiap malam server nya down terus, aneh ini aplikasi"
dana 2026-09-28 (partial),dana,2026-09-28,Server down or overloaded,2026-10-01 15:41:07+00:00,1,8294a83c-69d2-43bd-af9e-44b1af403c09,terlalu sering gangguan karena server error
dana 2026-09-28 (partial),dana,2026-09-28,Server down or overloaded,2026-09-29 11:33:45+00:00,1,621d4122-4554-491c-b4dd-ea2604bc7632,tolong segera update server
dana 2026-09-28 (partial),dana,2026-09-28,Server down or overloaded,2026-10-01 14:27:47+00:00,1,b23f7322-c9e3-4db2-8c55-42ebea21b1bf,tiap update lag mulu servernya gajelas
dana 2026-09-28 (partial),dana,2026-09-28,Server down or overloaded,2026-10-01 12:29:32+00:00,3,e31781b4-0211-45fb-b383-03d6a8c6fcc6,"kadang server nya atau apalah nama nya error,udh ngisi dan duh masuk notifikasi isi saldo tapi,angka(saldo di aplikasi)masih ga nambah"
dana 2026-09-28 (partial),dana,2026-09-28,Server down or overloaded,2026-10-01 16:28:32+00:00,1,0e5c7840-470e-491e-b9be-f04b774c1567,server down ga ditangani dengan cepat.
dana 2026-09-28 (partial),dana,2026-09-28,Server down or overloaded,2026-10-01 13:03:11+00:00,1,1d1a0830-cd14-40d2-be86-1a39040261f2,sibuk mulu dah server nya
dana 2026-09-28 (partial),dana,2026-09-28,Server down or overloaded,2026-10-01 12:52:28+00:00,1,de8585c2-cbe8-4d4e-9a42-a219300dae41,platform gede server jelek
dana 2026-09-28 (partial),dana,2026-09-28,Server down or overloaded,2026-10-03 12:40:01+00:00,1,9676dd06-f8b4-4214-b21e-7e9a9ea790a5,"Benerin lah servermu itu, kau menghambat hajat orang lain"
dana 2026-09-28 (partial),dana,2026-09-28,Server down or overloaded,2026-10-01 13:38:55+00:00,1,4ffbec66-b7be-4e64-a53e-3ac95d5bff79,"server penuh mulu kaya apk bagus aja hama pea, mending gw make gopay gg keren asoy"
gopay 2026-07-27,gopay,2026-07-27,Cannot pay or transfer,2026-07-28 10:05:57+00:00,1,99f012b0-8c95-4f05-93b6-a060994b581e,ini mau sampai kapan kendala nya di perbaiki? sampe saat ini blm ada perubahan mau transaksi jadi susah
gopay 2026-07-27,gopay,2026-07-27,Cannot pay or transfer,2026-07-28 07:34:11+00:00,1,27526e0b-c55b-4b05-bcb4-1ebbbff39ad1,"t4i lah, mau transaksi aja lagi butuh malah error ga jelas, banyak' perbaikan deh ya."
gopay 2026-07-27,gopay,2026-07-27,Cannot pay or transfer,2026-07-28 07:32:58+00:00,1,9e7934f6-77e5-4c58-8bfb-e00416804672,sering gangguan teknis saat melakukan pembayaran lewat qris
gopay 2026-07-27,gopay,2026-07-27,Cannot pay or transfer,2026-07-28 06:13:54+00:00,1,6e88ba47-77ac-4ebc-ba9a-acb4baeaf919,sering ganguan di waktu2 jam sibuk.. mau bayar jd TDK bisa
gopay 2026-07-27,gopay,2026-07-27,Cannot pay or transfer,2026-07-28 07:44:03+00:00,2,5608883b-caa0-4a43-8ea6-4c297bbcc5e7,tolong maintenance nya di percepat saya mau transaksi ini udah malu banget lama banget
gopay 2026-07-27,gopay,2026-07-27,Cannot pay or transfer,2026-07-28 09:11:56+00:00,2,71e3fd9c-b18e-46f1-b596-17958201df23,tumben lama banget ganguanya.. transaksi jadi susah.
gopay 2026-07-27,gopay,2026-07-27,Cannot pay or transfer,2026-07-28 08:29:12+00:00,2,23be3f31-ac0d-45bc-95cc-cb7446977378,"STRESS, sering banget TERJADI ERROR padahal lagi butuh bgt buat bayar apa apa"
gopay 2026-07-27,gopay,2026-07-27,Cannot pay or transfer,2026-07-28 09:59:33+00:00,1,d547990a-1d95-4914-9d8c-635fd91a6b98,"apk sering gangguan, mau transfer dan bayar2 jd terhambat, sangat berbahaya"
gopay 2026-07-27,gopay,2026-07-27,Cannot pay or transfer,2026-08-02 03:39:12+00:00,1,5fe66e6d-4919-4c6c-9476-e0c45745397e,saya sangat kecewa sekali dengan GoLater jelas jelas saya sudah bayar dengan tagihan 711.974 tetapi masih tertagih saya sudah telfon customer gopay tetapi tidak ada perubahan dan masih saja mereka menilai saya masih ada tagihan jelas jelas saya ada bukti screenshot dan resi pembayaran mau mengambil keuntungan dari pelanggan tidak seperti ini kalau pun saya masih ada tagihan saya pasti akan bayar ! tagihan yang tercatat tidak masuk akal untuk saya karena saya sudah bayar LUNAS !
gopay 2026-07-27,gopay,2026-07-27,Cannot pay or transfer,2026-07-28 05:55:20+00:00,2,b80a509c-c449-45bd-bc6c-19794ca02e16,Kenapa saya mau melakukan transaksi kok tidak bisa? selalu ada peringatan ada gangguan teknis! tolong di perbaiki! lama sekali gangguan nya! saya ingin melakukan pembayaran!
gopay 2026-07-27,gopay,2026-07-27,Network error or lag despite good signal,2026-07-30 20:58:40+00:00,1,c79d30b4-e770-41c4-a6dd-1acfe462efb3,kok gopay saya selalu ada masalah teknis padahal sinyal bagus . udah di update jga
gopay 2026-07-27,gopay,2026-07-27,Network error or lag despite good signal,2026-07-28 05:39:08+00:00,3,732397d0-db9b-4016-a5d9-2ca056e34b44,Gangguan terus. Udah di coba semua jaringan. Tetap tidak mau ke refrest. Sedangkan buka Instagram dan youtube bisa.. Aneh betul ini gopay.
gopay 2026-07-27,gopay,2026-07-27,Network error or lag despite good signal,2026-07-28 08:31:34+00:00,1,88b4348d-d4de-4346-a373-d96fb92a1cb1,"ini gimana ya pas mau payment malah ada tulisan ""gangguan teknis"" berakhir saya ga bisa payment padahal udah pake wifi toko nya"
gopay 2026-07-27,gopay,2026-07-27,Network error or lag despite good signal,2026-07-28 09:07:37+00:00,1,d5ef53db-6a0e-4258-919d-a6efe1b9450a,"ah ketinggalan 3 bus gw gara' pengen tap in pake qris tap ada kendala mulu, jaringann mah bagus padahal. kebanyakan kendala mulu ni apk"
gopay 2026-07-27,gopay,2026-07-27,Network error or lag despite good signal,2026-07-28 07:11:59+00:00,1,b0971f3e-189f-4823-bb10-24cea3ed4776,"error mulu gaje, jaringan error"
gopay 2026-07-27,gopay,2026-07-27,Network error or lag despite good signal,2026-07-28 05:24:40+00:00,1,47d5af3d-2623-4c3c-91aa-8c908d8deafa,jaringan suka ngelag dan top up gopay belum masuk
gopay 2026-07-27,gopay,2026-07-27,Network error or lag despite good signal,2026-07-28 09:17:54+00:00,1,54689409-5cbe-4522-acc9-c67c266db6ef,"gopay tolol serba gangguan padahal internet jaringan bagus, jadi susah buat transfer dan transaksi"
gopay 2026-07-27,gopay,2026-07-27,Network error or lag despite good signal,2026-07-28 07:38:16+00:00,1,941f3c16-d088-4b6a-8cb7-1606b87aa8ef,"ini gimana ya gangguan teknis terus, padahal internet udah kenceng? perbaikannya dong segera"
gopay 2026-07-27,gopay,2026-07-27,Network error or lag despite good signal,2026-07-28 07:39:20+00:00,4,092dae78-e4cf-4089-904b-3a8984f41bc7,"gue lumayan benci dengan adanya bug atau apalah ini, gue ada keperluan penting banget tetiba ada kendala masalah teknis, berbagai macam udah gue coba, dari mulai restart hp, masuk jaringan ulang, hapus chace, hapus data sampai uninstal tetep sama aja, jaringan gue bener bener 100% bagus, masalahnya gue ga bisa kirim uang sedikit pun gegara peringatan "" kendala teknis "" mulu, please urus ini secepatnya."
gopay 2026-07-27,gopay,2026-07-27,Network error or lag despite good signal,2026-07-28 05:36:11+00:00,3,2f347716-5866-4ec4-b24c-747c93e19c15,"keseringan eror padahal jaringan bagus, mau bayar2 jadi gk bisa"
