gold_id,app,score,text_clean,notes,reference,phase4_baseline,spec_variant,primary,comparison
G0078,dana,5,gak bagus dana aku di transfer mamang aku ke dana masuk lalu ada notif di ambil lagi gak tau sama siapa namanya itu TikTok Coin recharge ini gimana uang aku gak balik tolong di perbaiki sampai ketat biar tidak ada pembobolan dana harus secepatnya di perbaiki tolong sampai kan ke pemiliknya,,missed,caught,caught,caught,caught
G0097,dana,5,mohon pihak tolong kembalikan saldo saya yang tiba tiba hilang sendiri,,missed,caught,missed,caught,caught
G0145,dana,5,atvitas error,,missed,caught,caught,caught,caught
G0269,dana,5,saya ingin menghapus data akun lama .sebab nomor hp dan email nya sudah hilang beserta hp ny terima kasih,,missed,caught,missed,caught,caught
G0271,dana,4,kenapa di beranda bisnis tiba-tiba tdk muncul laporan harian real. hanya halaman kosong.. pdhl sebelum nya ada.. hub admin pun susah..,,missed,caught,caught,caught,caught
G0333,dana,4,kenapa setiap buka apk dana suka force close terus ya ngebug kah atau apa?,,missed,missed,missed,caught,caught
G0337,dana,4,akhir ini kenapa dana suka ngadat susah di buka agak merepotkan ketika kita mau bayar tapi malah ga bisa..tolong di perbaiki dong servernya.pengguna dana banyak lho kan ga seru kalo tiap mau bayar ada aja gangguan,,missed,missed,missed,caught,caught
G0599,dana,5,aplikasi eror ahhahaa,,missed,caught,caught,caught,caught
R0027,dana,5,"aplikasi dana setelah di update bukan nya makin bagus malah makin lelet suka gangguan gajelas,dana instan juga baru sekali make cuma karna telat brpa hari langsung ngk bisa di pake lagi sampai skrg,mending hapus aja dana instan kalo emg udh ngk berguna lg",,missed,caught,caught,caught,caught
G0082,gopay,5,"dari segi transaksi, game , hadiah apresiasi banget namun di hadiah voucher gak terlalu kepakai lebih ke gak guna sering gagal dipake gak tau kenapa udah minta bantuan ke cs customer gak ada solusi juga",,missed,caught,caught,caught,caught
G0138,gopay,5,apk aneh org lin udah bisa masuk aku masih gangguan dah 2 hari ada gangguan teknis trus aneh ada saldo banyak lGi,,missed,caught,caught,caught,caught
G0268,gopay,5,fitur top up game nya kemana woy?,,missed,missed,caught,caught,caught
G0458,gopay,4,"gopay tidak bisah di akses,tolong dong perbaikan di percepat karna kami butuh transaksi",,missed,missed,missed,caught,caught
G0002,ovo,5,tdk menerima kode,,missed,caught,caught,caught,caught
G0004,ovo,5,kenapa no ovo saya tunggu satu jam baru bisa di buka lagi,,missed,missed,missed,caught,caught
G0052,ovo,4,ovo kebiasaan ni sering banget kalo pas top up masuk nya lama.,,missed,missed,caught,caught,caught
G0064,ovo,5,sering macet dan tidak bisa di buka,,missed,missed,caught,caught,caught
G0104,ovo,5,fitur paylaternya blm bisa di gunakan.. padahal aplikasih sebelah sudah ada,,missed,caught,missed,caught,caught
G0105,ovo,5,saya ganti HP kenapa tiba tiba gak singkron dengan HP yang baru tolong kasih tau nie saya singkron ke grab driver,,missed,caught,missed,caught,caught
G0122,ovo,5,"uang yg q tf kerekening kenapa gk masuk"""" boos,,",,missed,missed,caught,caught,caught
G0163,ovo,4,sangat kecewa ga bisa di buka padahal pasword ny bener payah,,missed,caught,caught,caught,caught
G0181,ovo,4,Perangkat tdk kompetibel,,missed,caught,caught,caught,caught
G0306,ovo,5,"saya melakukan traksaksi, keterangannya berhasil tapi saldo tidak sampai..",,missed,caught,caught,caught,caught
G0381,ovo,5,"tolong kembalikan uang saya yg ada d ovo, aplikasi nya ga bisa d buka d qris pun gagal trs ini gimana",,missed,caught,caught,caught,caught
G0422,ovo,4,udh 1 Minggu baru balik LG duit sy yg ke pending🤦,,missed,caught,caught,caught,caught
G0467,ovo,5,banyak error nya,,missed,caught,caught,caught,caught
G0502,ovo,5,"tolong untuk nontifikasi pas saldo masuk di sesuaikan jangan lamban dengan uang ewallet yg sudah masuk notif baru nongol, di perbaiki lagi mind",,missed,caught,missed,caught,caught
G0509,ovo,5,tidak puas slalu kema potongan dan lebih mahal,,missed,caught,caught,caught,caught
G0544,ovo,5,"kenapa akun saya tiba"" terbelokir setelah menerima uang dari hasil penjualan sepeda motor, dan kenapa akun saya tidak bisa dipulihkan kembali. tolong dibantu pemulihan akun saya admin ovo",,missed,missed,missed,caught,caught
G0596,ovo,5,"banyak error nya,menganggu aktifitas pembayaran,mengahbat terlalu banyak mainten nya payah mau siang mau mau malam error terus",,missed,caught,caught,caught,caught
G0285,ovo,4,tolong donk d benerin AQ ngk bisa loging dan untuk ubah nmr hp un ngk bisa dr Salamun aziz,,missed,missed,missed,caught,missed
G0385,ovo,5,jaman. masih byk promo masih pake skg dah uninstall,,missed,missed,missed,caught,missed
G0200,shopeepay,5,"Limit Spaylater saya kok netep 750 dan Spinjam 1.5juta? Padahal rutin saya transaksi loh, naikkan lagi donk yang besar??",,missed,missed,missed,caught,missed
G0041,dana,5,tolong min tf gak bisa hari ini,,missed,missed,missed,missed,caught
G0114,dana,5,sulit membuka,,missed,missed,caught,missed,caught
G0310,dana,5,kenapa gk bisa mendaftar kan dana,,missed,missed,caught,missed,caught
G0595,dana,5,kenapa dana saya slalu hilang jaringan nya saat membuka aplikasi dana,,missed,caught,missed,missed,caught
G0171,ovo,5,apa sedang gangguan,,missed,caught,missed,missed,caught
G0407,ovo,5,tolong responnya.. saldo menghilang,,missed,caught,caught,missed,caught
G0421,ovo,5,kenapa nggak bisa kirim lewat qris,,missed,missed,missed,missed,caught
G0042,dana,5,fitur dana cicil saya kenapa belum muncul ka padahal sudah memenuhi persyaratan semua,,missed,missed,missed,missed,missed
G0047,dana,5,"sangat membantu, hanya saja fitur dana instant saya blum kunjung muncul",,missed,missed,missed,missed,missed
G0108,dana,5,bagus mudah di mengerti tapi uang saya pernah di culik orang 6 juta hangus siapa yang tangung jawab nya kalau begini jadi aku GX nyaman mengunakan dana sekarang tolong tangung jawab ademin 6 juta uang saya hangus,,missed,missed,missed,missed,missed
G0241,dana,5,"ingin punya fitur Dana cicil,saya pengguna dana setia namun dana cicil saya tidak ada di aplikasi dana",,missed,missed,missed,missed,missed
G0429,dana,5,"sangat membantu,TPI cukup di sayangkan dana cicil TDK bisa digunakan",,missed,missed,missed,missed,missed
R0040,dana,5,dana cicil nya lama,,missed,missed,missed,missed,missed
G0593,gopay,5,"aman""aja Alhamdulillah pake gopay",,missed,missed,missed,missed,missed
G0161,ovo,5,mengapa ndk bisa byar pkai CRIS,,missed,missed,missed,missed,missed
G0511,ovo,5,"TERIMA KASIH PENANGANAN NYA ,, SEMOGA BISA LEBIH CEPAT KEDEPAN NYA APABILA ADA PROBLEM TERKAIT SALDO YANG PENDING .",sarcasm,missed,missed,missed,missed,missed
G0572,ovo,5,Sangat nyaman tanpa gangguan,,missed,missed,missed,missed,missed
R0018,ovo,5,"klo bisa biaya adminnya di kurangin min,dan adain fitur krim ke ewallet lain juga min 🙏.",,missed,missed,missed,missed,missed
G0071,shopeepay,5,aplikasi sangat jos sangat membantu,,missed,missed,missed,missed,missed
G0119,shopeepay,5,topup spaynya tolong dipermudah dong!!,,missed,missed,missed,missed,missed
G0202,shopeepay,4,bagus sekali cepat terpercaya,,missed,missed,missed,missed,missed
G0288,shopeepay,5,sangat berguna dan mbantu buanget beneran deh,,missed,missed,missed,missed,missed
G0517,shopeepay,5,"pdahal data yg saya ajukan benar data,,dan nomor kontak itu anak dan istri saya yg mungunakan shopee",,missed,missed,missed,missed,missed
R0048,shopeepay,5,bgue,,missed,missed,missed,missed,missed
